band,species,blength,bdepth
19022,fortis,10,8.5
19028,fortis,12.5,8.9
19032,fortis,9.3,7.5
19041,fortis,10.3,9.6
19044,fortis,11,9.2
19048,fortis,10.1,8.2
19072,fortis,9.6,7.8
19082,fortis,10.9,8.6
19104,fortis,10.3,8.4
19114,fortis,9.8,7.7
19121,fortis,10.1,8
19126,fortis,10.4,8.7
19146,fortis,9.6,8.1
19164,fortis,10.6,8.8
19174,fortis,10.6,9.4
19203,fortis,11.9,10
19210,fortis,11.3,9.6
19217,fortis,11.3,9.6
19224,fortis,9.7,8.1
19226,fortis,9.7,7.5
19252,fortis,10.1,8.4
19263,fortis,10,7.9
19274,fortis,10,8.3
19280,fortis,10,8.9
19288,fortis,11.5,9.1
19328,fortis,9.5,7.7
19349,fortis,11.2,8.3
19362,fortis,10.7,8.6
19372,fortis,10,8.4
19382,fortis,9.8,7.7
19384,fortis,10.9,9.1
19392,fortis,9.2,7.7
19394,fortis,10.2,9
19422,fortis,11.3,10.2
19439,fortis,10.3,8.1
19461,fortis,10.7,8.6
19482,fortis,10,8.4
19502,fortis,9.7,8.1
19511,fortis,9.9,8
19536,fortis,10.7,8.3
19563,fortis,11,10.3
19568,fortis,9.7,8
19602,fortis,10.5,8.8
19604,fortis,11.7,9
19614,fortis,10.8,9.3
19623,fortis,9.1,7.6
19627,fortis,10.9,8.2
19642,fortis,12.2,10
19649,fortis,10.9,8.2
19654,fortis,10.7,8.2
19674,fortis,10.4,8.3
19682,fortis,9.7,7.8
19712,fortis,10.3,8
19734,fortis,9.8,8.4
19746,fortis,10.6,9.3
19749,fortis,10.5,8.9
19774,fortis,12.5,9.7
19782,fortis,9.2,7.6
19815,fortis,10.1,9
19820,fortis,10.6,8.6
19821,fortis,11.5,8.9
19829,fortis,10.8,8.6
19832,fortis,10.5,8.8
19835,fortis,10.1,8.5
19840,fortis,10.7,9.2
19849,fortis,9.6,8
19874,fortis,10.7,9.4
19878,fortis,10.1,7.7
19889,fortis,10,8.4
19914,fortis,10,8.5
19921,fortis,10.4,9
19922,fortis,10.4,9
19928,fortis,11.7,9.3
19932,fortis,10.6,8.7
19942,fortis,11.5,8.1
19946,fortis,10.7,8.7
19947,fortis,10.4,7.9
19952,fortis,10.1,7.7
19974,fortis,10.8,8.4
19993,fortis,11.5,9.25
19994,fortis,11.1,8.1
21049,fortis,9.9,8.3
21052,fortis,10.5,8.5
21080,fortis,12.2,9.9
21082,fortis,10.9,8.4
21087,fortis,12.9,9.9
21088,fortis,9.7,7.2
21089,fortis,9.7,8.2
21090,fortis,10,8.2
21129,fortis,10.1,8.3
21160,fortis,10.2,8.4
21161,fortis,9.6,7.5
21162,fortis,9.9,8.2
21165,fortis,10.6,8.6
21169,fortis,9.8,8.2
21191,fortis,11.1,8.8
21244,fortis,10,8.5
21247,fortis,10.9,8.1
21249,fortis,10,8.3
21258,fortis,10.6,8.5
21259,fortis,10.7,8.1
21261,fortis,9.4,7.3
21262,fortis,10.1,8
21265,fortis,11.8,10.2
21266,fortis,12.2,11.1
21272,fortis,12.9,9.9
21273,fortis,10.1,8.7
21276,fortis,10.1,8.3
21277,fortis,9,7.8
21282,fortis,11.7,9.9
21283,fortis,10.9,10.3
21287,fortis,10.4,8.4
21293,fortis,12.7,8.7
21294,fortis,10.5,9.8
21296,fortis,9.6,8.7
21298,fortis,10.6,9
21299,fortis,10.4,7.8
21341,fortis,10.5,8.5
21343,fortis,10.1,8.2
21349,fortis,10.6,9.2
22000,fortis,10.6,9
19026,scandens,14.3,9.4
19028,scandens,12.5,8.9
19029,scandens,13.7,9.5
19094,scandens,13.8,11
19122,scandens,12,8.7
19125,scandens,13,8.4
19129,scandens,13,9.1
19172,scandens,13.6,8.7
19182,scandens,12.8,10.2
19212,scandens,13.6,9.6
19214,scandens,12.95,8.85
19244,scandens,13.1,8.8
19251,scandens,13.4,9.5
19260,scandens,13.9,9.2
19270,scandens,12.3,9
19278,scandens,14,9.8
19289,scandens,12.5,9.3
19299,scandens,12.3,9
19312,scandens,13.9,10.2
19326,scandens,13.1,7.7
19343,scandens,12.5,9
19374,scandens,13.9,9.5
19401,scandens,13.7,9.4
19406,scandens,12,8
19408,scandens,14.4,8.9
19426,scandens,13.5,9.4
19430,scandens,13.8,9.5
19433,scandens,13,8
19438,scandens,14.9,10
19452,scandens,12.5,8.95
19466,scandens,12.3,8.2
19469,scandens,12.8,8.8
19486,scandens,13.4,9.2
19492,scandens,13.8,9.4
19493,scandens,13.5,9.5
19494,scandens,13.5,8.1
19495,scandens,13.4,9.5
19496,scandens,12.3,8.4
19497,scandens,14.35,9.3
19510,scandens,13.2,9.3
19513,scandens,13.8,9.6
19518,scandens,14.6,9.2
19526,scandens,14.3,10
19527,scandens,13.8,8.9
19528,scandens,13.6,10.5
19543,scandens,12.9,8.9
19553,scandens,13,8.6
19554,scandens,13.5,8.8
19573,scandens,13.2,9.15
19592,scandens,13.7,9.5
19594,scandens,13.1,9.1
19597,scandens,13.2,10.2
19598,scandens,12.6,8.4
19599,scandens,13,10
19619,scandens,13.9,10.2
19622,scandens,13.2,9.3
19652,scandens,15,10.8
19653,scandens,13.37,8.3
19664,scandens,11.4,7.8
19692,scandens,13.8,9.8
19720,scandens,13,7.9
19740,scandens,13,8.9
19747,scandens,13.1,7.7
19766,scandens,12.8,8.9
19783,scandens,13.3,9.4
19844,scandens,13.5,9.4
19848,scandens,12.4,8.5
19852,scandens,13.1,8.5
19854,scandens,14,9.6
19855,scandens,13.5,10.2
19868,scandens,11.8,8.8
19882,scandens,13.7,9.5
19900,scandens,13.2,9.3
19910,scandens,12.2,9
19936,scandens,13,9.2
19940,scandens,13.1,8.7
19941,scandens,14.7,9
19951,scandens,13.7,9.1
19955,scandens,13.5,8.7
19956,scandens,13.3,9.4
21040,scandens,14.1,9.8
21041,scandens,12.5,8.6
21045,scandens,13.7,10.6
21047,scandens,14.6,9
21053,scandens,14.1,9.5
21057,scandens,12.9,8.1
21070,scandens,13.9,9.3
21081,scandens,13.4,9.6
21092,scandens,13,8.5
21093,scandens,12.7,8.2
21106,scandens,12.1,8
21109,scandens,14,9.5
21111,scandens,14.9,9.7
21113,scandens,13.9,9.9
21131,scandens,12.9,9.1
21135,scandens,14.6,9.5
21136,scandens,14,9.8
21159,scandens,13,8.4
21167,scandens,12.7,8.3
21176,scandens,14,9.6
21248,scandens,14.1,9.4
21253,scandens,14.1,10
21255,scandens,13,8.9
21256,scandens,13.5,9.1
21257,scandens,13.4,9.8
21260,scandens,13.9,9.3
21263,scandens,13.1,9.9
21267,scandens,12.9,8.9
21268,scandens,14,8.5
21270,scandens,14,10.6
21271,scandens,14.1,9.3
21278,scandens,14.7,8.9
21279,scandens,13.4,8.9
21280,scandens,13.8,9.7
21281,scandens,13.4,9.8
21285,scandens,13.8,10.5
21286,scandens,12.4,8.4
21288,scandens,14.1,10
21289,scandens,12.9,9
21290,scandens,13.9,8.7
21291,scandens,14.3,8.8
21292,scandens,13.2,8.4
21295,scandens,14.2,9.3
21297,scandens,13,9.8
21340,scandens,14.6,8.9
21342,scandens,13.1,9.8
21347,scandens,15.2,9.1
99999,unknown,19.3,6.8